{
    "AUC": 1.0,
    "F1": 0.0,
    "labels": [
        0.0,
        1.0,
        0.0,
        0.0,
        0.0
    ],
    "preds": [
        0.48940178751945496,
        0.4934045672416687,
        0.49274957180023193,
        0.4924519658088684,
        0.4886372685432434
    ]
}